INSERT INTO ss_at_adm_roles (ID_ROLE, NAME_ROLE) VALUES
	(1, 'Администратор'),
	(2, 'Менеджер'),
	(3, 'Пультовик'),
	(4, 'Кладовщик'),
	(5, 'Бригадир'),
	(6, 'Техник');

INSERT INTO ss_spr_city (ID_CITY, NAME_CITY) VALUES
	(1, 'Алматы'),
	(2, 'Астана');

INSERT INTO ss_spr_place (ID_PLACE, ID_CITY, NAME_PLACE) VALUES
	(1, 1, 'Склад Алматы'),
	(2, 2, 'Склад Астана');

INSERT INTO ss_at_adm_users (ID_USER, ID_CITY, ID_ROLE, NAME_USER, USER_FIRSTNAME, USER_LASTNAME, PWD_USER, USER_CIF, USER_IV, USER_KEY) VALUES
	(1, 1, 1, 'admin', 'Александр', 'Тараев', 'ciFTNN64/X32phc=', 'aes-256-ofb', '&?1Y%<eJL@myY$|o', '@n=x7Q6@]I4*V]Mg*epLgTd-wA2-jxD7');

INSERT INTO `SS_TYPE_EQ` (`ID_TYPE`, `NAME_TYPE`) VALUES
	(1, 'Экран'),
	(2, 'ТВ'),
	(3, 'Коммутация'),
	(4, 'Текелаж'),
	(5, 'Силовое оборудование'),
	(6, 'Железо'),
	(7, 'Управление'),
	(8, 'Ноутбук'),
	(9, 'Переферия'),
	(10, 'Шнурки'),
	(11, 'Механика'),
	(12, 'Медиа'),
	(13, 'Запчасти'),
	(14, 'Инструменты'),
	(15, 'Расходные материалы'),
	(16, 'Кластера'),
	(17, 'Сервера');

INSERT INTO `SS_EQ` (`ID_EQ`, `ID_TYPE`, `NAME_EQ`, `EQ_UNITS`) VALUES
	(1, 1, 'Альфа 0,5м', 'кв'),
	(2, 1, 'Альфа VR кабинет', 'шт'),
	(3, 1, 'Инфилэд 1м', 'кв'),
	(4, 1, 'Инфилэд 1м угловой', 'кв'),
	(5, 1, 'Инфилэд 0,5м', 'кв'),
	(6, 1, 'Трулайт Р 1м', 'кв'),
	(7, 1, 'Трулайт Р 0,5м', 'кв'),
	(8, 1, 'Трулайт Р 0,5м угловой', 'кв'),
	(9, 1, 'Проектор', 'шт'),
	(10, 2, 'ТВ 98"', 'шт'),
	(11, 2, 'ТВ 85"', 'шт'),
	(12, 2, 'ТВ 86"', 'шт'),
	(13, 2, 'ТВ 75"', 'шт'),
	(14, 2, 'ТВ 55"', 'шт'),
	(15, 2, 'Стойки новые', 'шт'),
	(16, 2, 'Стойки старые', 'шт'),
	(17, 2, 'Стойки самодельные', 'шт'),
	(18, 16, 'Кластер Трулайт обычный', 'шт'),
	(19, 16, 'Кластер Трулайт правый', 'шт'),
	(20, 16, 'Кластер Трулайт левый', 'шт'),
	(21, 16, 'Кластер Альфа', 'шт'),
	(22, 16, 'Кластер Инфи', 'шт'),
	(23, 3, 'Перемычки  сигнал Альфа', 'шт'),
	(24, 3, 'Вводной Альфа', 'шт'),
	(25, 3, 'Силовые перемычки Альфа', 'шт'),
	(26, 3, 'Перемычки инфи 70см', 'шт'),
	(27, 3, 'Перемычки инфи 130см', 'шт'),
	(28, 3, 'Перемычки трулайт 70см', 'шт'),
	(29, 3, 'Перемычки трулайт 130см', 'шт'),
	(30, 3, 'Перемычки обычные', 'шт'),
	(31, 3, 'Вводной ', 'шт'),
	(32, 3, 'Мультилинк', 'шт'),
	(33, 3, 'линк 100м', 'шт'),
	(34, 3, 'линк 50м', 'шт'),
	(35, 3, 'линк 30м', 'шт'),
	(36, 3, 'линк 20м', 'шт'),
	(37, 3, 'линк 15м', 'шт'),
	(38, 3, 'линк 10м', 'шт'),
	(39, 3, 'линк 5м', 'шт'),
	(40, 3, 'Оптика 100м, бухта, 2 pin', 'шт'),
	(41, 3, 'Оптика 100м, катушка, 2 pin', 'шт'),
	(42, 3, 'Оптика 200м, катушка, 4 pin', 'шт'),
	(43, 3, 'Оптика 200м, катушка, 6 pin', 'шт'),
	(44, 4, 'Спансет черный старый 2м', 'шт'),
	(45, 4, 'Спансет черный новый 2м', 'шт'),
	(46, 4, 'Спансет черный старый 3м', 'шт'),
	(47, 4, 'Спансет зелёный 1м', 'шт'),
	(48, 4, 'Спансет зелёный 1,5м', 'шт'),
	(49, 4, 'Спансет зелёный 2м', 'шт'),
	(50, 4, 'Спансет зелёный 3м', 'шт'),
	(51, 4, 'Рэтчет', 'шт'),
	(52, 4, 'гриды  Альфа 0,5м', 'шт'),
	(53, 4, 'гриды  Инфилэд,   1м', 'шт'),
	(54, 4, 'гриды  Инфилэд,    0,5м', 'шт'),
	(55, 4, 'гриды  Трулайт Р,   1м', 'шт'),
	(56, 4, 'гриды  Трулайт Р,   0,5м', 'шт'),
	(57, 4, 'чекеля  Б', 'шт'),
	(58, 4, 'чекеля  С', 'шт'),
	(59, 4, 'чекеля  М', 'шт'),
	(60, 4, 'чекеля старые б', 'шт'),
	(61, 4, 'чекеля старые с', 'шт'),
	(62, 4, 'чекеля старые м', 'шт'),
	(63, 5, 'фишка/фишка,  3м', 'шт'),
	(64, 5, 'фишка/фишка,  5м', 'шт'),
	(65, 5, 'фишка/фишка,  10м', 'шт'),
	(66, 5, 'фишка/фишка,  15м', 'шт'),
	(67, 5, 'фишка/фишка,  20м', 'шт'),
	(68, 5, 'фишка/фишка,  30м', 'шт'),
	(69, 5, 'фишка/розетка', 'шт'),
	(70, 5, 'вилка/розетка', 'шт'),
	(71, 5, 'вилка/фишка', 'шт'),
	(72, 5, 'энер 16а', 'шт'),
	(73, 5, 'энер 16а с автоматом', 'шт'),
	(74, 5, 'энер 32а старые с хвостом', 'шт'),
	(75, 5, 'энер 32а новые с хвостом', 'шт'),
	(76, 5, 'энер 32а без хвоста', 'шт'),
	(77, 5, 'энер 32а с автоматом', 'шт'),
	(78, 5, 'Хвост 32а,  10м', 'шт'),
	(79, 5, 'кабель 32а,  20м', 'шт'),
	(80, 5, 'кабель 32а,  15м', 'шт'),
	(81, 5, 'кабель 32а,  30м', 'шт'),
	(82, 5, 'кабель 32а,  40м', 'шт'),
	(83, 5, 'кабель 32а,  50м', 'шт'),
	(84, 5, 'хвост 63а длиный', 'шт'),
	(85, 5, 'хвост 63а короткий', 'шт'),
	(86, 5, 'Штаны 63/32а', 'шт'),
	(87, 5, 'кабель 63а,  50м', 'шт'),
	(88, 5, 'кабель 125а, 30м', 'шт'),
	(89, 5, 'кабель 125а,  70м', 'шт'),
	(90, 5, 'хвост 125а короткий', 'шт'),
	(91, 5, 'хвост 125а длиный', 'шт'),
	(92, 5, 'Щит 63а', 'шт'),
	(93, 5, 'Щит 125а', 'шт'),
	(94, 6, 'настил лайерный (трап)', 'шт'),
	(95, 6, 'рамка,  2м', 'шт'),
	(96, 6, 'рамка,  1,5м', 'шт'),
	(97, 6, 'рамка,  1м', 'шт'),
	(98, 6, 'тавр  железный', 'шт'),
	(99, 6, 'Таулреп', 'шт'),
	(100, 6, 'Наручники белые', 'шт'),
	(101, 6, 'Наручники черные', 'шт'),
	(102, 7, 'карта Junior', 'шт'),
	(103, 7, 'карта 660 pro', 'шт'),
	(104, 7, 'карта 660', 'шт'),
	(105, 7, 'Процессор', 'шт'),
	(106, 7, 'карта mctrl 4K ', 'шт'),
	(107, 7, 'карта vx 1000', 'шт'),
	(108, 7, 'карта cvt 4k', 'шт'),
	(109, 7, 'карта cvt 4k dicolor', 'шт'),
	(110, 7, 'cvt 10', 'шт'),
	(111, 7, 'Datapath fx4', 'шт'),
	(112, 17, 'монитор,  пластиковый кейс', 'шт'),
	(113, 17, 'монитор,  деревянный кейс', 'шт'),
	(114, 17, 'монмтор без кейса', 'шт'),
	(115, 17, 'сервер', 'шт'),
	(116, 8, 'Предатор старый', 'шт'),
	(117, 8, 'Предатор новый', 'шт'),
	(118, 8, 'Легион', 'шт'),
	(119, 9, 'кабель DVI/HDMI', 'шт'),
	(120, 9, 'Видеозахват большой', 'шт'),
	(121, 9, 'BNS', 'шт'),
	(122, 9, 'кабель DVI/DVI', 'шт'),
	(123, 9, 'кабель DP/DP', 'шт'),
	(124, 9, 'кабель USB прошивочный', 'шт'),
	(125, 9, 'Шнур питания', 'шт'),
	(126, 9, 'кабель HDMI/HDMI', 'шт'),
	(127, 9, 'Кликер DSAN', 'шт'),
	(128, 9, 'Компьютер для плазмы', 'шт'),
	(129, 9, 'Extender Ethernet', 'шт'),
	(130, 9, 'Extender оптический', 'шт'),
	(131, 9, 'Таймер', 'шт'),
	(132, 9, 'Свитч Mikrotik', 'шт'),
	(133, 9, 'Кликер DSAN мини', 'шт'),
	(134, 9, 'кабель Type-C/DP', 'шт'),
	(135, 9, 'кабель Type-C/HDMI', 'шт'),
	(136, 9, 'Оптический кабель HDMI 5м', 'шт'),
	(137, 9, 'Оптический кабель HDMI 10м', 'шт'),
	(138, 9, 'Оптический кабель HDMI 30м', 'шт'),
	(139, 11, 'Пульт лебедочный', 'шт'),
	(140, 11, 'Щит лебедочный,  250а', 'шт'),
	(141, 11, 'Частотник', 'шт'),
	(142, 11, 'Лебедка, Kayo', 'шт'),
	(143, 11, 'Рельсы 2м', 'шт'),
	(144, 11, 'Клемп', 'шт'),
	(145, 11, 'Каретка', 'шт'),
	(146, 11, 'Мотор', 'шт'),
	(147, 11, 'Болты на Моторы', 'шт'),
	(148, 11, 'Сигнал UTP', 'шт'),
	(149, 11, 'Сигнал UTP,  100м', 'шт'),
	(150, 11, 'Кабель  32а, (2,5), 20м', 'шт'),
	(151, 11, 'Аварийная кнопка', 'шт'),
	(152, 11, 'Плашки для дороги', 'шт'),
	(153, 11, 'Болты для дороги', 'шт'),
	(154, 6, 'Станок 2м', 'шт'),
	(155, 6, 'Станок 1м', 'шт'),
	(156, 14, 'Шуруповерт', 'шт'),
	(157, 14, 'Шнстигранник с трещеткой', 'шт'),
	(158, 14, 'Шестигранник-ключ на 8мм', 'шт'),
	(159, 14, 'Шестигранник-ключ на 6мм', 'шт'),
	(160, 14, 'Пассатижи', 'шт'),
	(161, 14, 'Бокорезы', 'шт'),
	(162, 14, 'Обжимка', 'шт'),
	(163, 14, 'Ключ на 17мм', 'шт'),
	(164, 14, 'Ключ на 19мм', 'шт'),
	(165, 15, 'Плашки Р', 'шт'),
	(166, 15, 'Болты Р', 'шт'),
	(167, 15, 'Плашки Инфи', 'шт'),
	(168, 15, 'Болты Инфи', 'шт'),
	(169, 15, 'Плашки Альфа', 'шт'),
	(170, 15, 'Болты Альфа', 'шт'),
	(171, 6, 'Скотч', 'рулон'),
	(172, 15, 'Каска', 'шт'),
	(173, 15, 'Страховка', 'шт'),
	(174, 15, 'Сталька', 'моток'),
	(175, 15, 'Изолента', 'рулон'),
	(176, 15, 'Болты под плазму 85', 'шт'),
	(177, 15, 'Замки на P', 'шт'),
	(178, 14, 'Мультиметр', 'шт');

INSERT INTO `SS_INVENTORY` (`ID_INVENTORY`, `ID_CITY`, `DATE_INVENTORY`, `FLAG_SAVING`) VALUES
	(1, 1, '2024-12-05', 1);

INSERT INTO `SS_INV_EQ_CON` (`ID_INVENTORY`, `ID_EQ`, `EQ_QUANTITY`) VALUES
	(1, 1, 60),
	(1, 2, 16),
	(1, 3, 250),
	(1, 4, 20),
	(1, 5, 50),
	(1, 6, 200),
	(1, 7, 30),
	(1, 8, 20),
	(1, 10, 1),
	(1, 11, 1),
	(1, 13, 1),
	(1, 14, 8),
	(1, 15, 6),
	(1, 16, 4),
	(1, 17, 2),
	(1, 18, 80),
	(1, 19, 14),
	(1, 20, 26),
	(1, 21, 16),
	(1, 22, 237),
	(1, 23, 213),
	(1, 24, 16),
	(1, 25, 19),
	(1, 26, 671),
	(1, 27, 96),
	(1, 28, 477),
	(1, 29, 83),
	(1, 30, 371),
	(1, 31, 170),
	(1, 32, 4),
	(1, 33, 10),
	(1, 34, 43),
	(1, 35, 48),
	(1, 36, 21),
	(1, 37, 6),
	(1, 38, 80),
	(1, 39, 12),
	(1, 40, 1),
	(1, 41, 1),
	(1, 42, 2),
	(1, 43, 5),
	(1, 44, 81),
	(1, 45, 100),
	(1, 46, 51),
	(1, 47, 57),
	(1, 48, 10),
	(1, 49, 16),
	(1, 50, 9),
	(1, 51, 80),
	(1, 52, 24),
	(1, 53, 40),
	(1, 54, 48),
	(1, 55, 25),
	(1, 56, 40),
	(1, 57, 22),
	(1, 58, 16),
	(1, 59, 208),
	(1, 60, 1),
	(1, 61, 6),
	(1, 62, 14),
	(1, 63, 1),
	(1, 64, 2),
	(1, 65, 9),
	(1, 66, 15),
	(1, 67, 2),
	(1, 68, 1),
	(1, 69, 10),
	(1, 70, 39),
	(1, 71, 3),
	(1, 72, 5),
	(1, 73, 2),
	(1, 74, 8),
	(1, 75, 5),
	(1, 76, 5),
	(1, 77, 2),
	(1, 78, 2),
	(1, 79, 8),
	(1, 80, 14),
	(1, 81, 8),
	(1, 82, 1),
	(1, 83, 3),
	(1, 84, 1),
	(1, 85, 1),
	(1, 86, 7),
	(1, 87, 6),
	(1, 88, 1),
	(1, 89, 1),
	(1, 90, 2),
	(1, 91, 1),
	(1, 92, 2),
	(1, 93, 2),
	(1, 94, 20),
	(1, 95, 24),
	(1, 96, 6),
	(1, 97, 15),
	(1, 98, 13),
	(1, 99, 43),
	(1, 100, 58),
	(1, 101, 41),
	(1, 102, 2),
	(1, 103, 4),
	(1, 104, 1),
	(1, 105, 1),
	(1, 106, 1),
	(1, 107, 2),
	(1, 108, 3),
	(1, 109, 1),
	(1, 110, 2),
	(1, 111, 1),
	(1, 112, 1),
	(1, 113, 1),
	(1, 114, 2),
	(1, 115, 2),
	(1, 116, 1),
	(1, 117, 4),
	(1, 118, 2),
	(1, 119, 1),
	(1, 120, 1),
	(1, 121, 3),
	(1, 122, 3),
	(1, 123, 3),
	(1, 124, 1),
	(1, 125, 2),
	(1, 126, 4),
	(1, 127, 2),
	(1, 128, 5),
	(1, 129, 4),
	(1, 130, 2),
	(1, 131, 2),
	(1, 132, 2),
	(1, 133, 1),
	(1, 134, 3),
	(1, 135, 3),
	(1, 136, 15),
	(1, 137, 16),
	(1, 138, 5),
	(1, 139, 1),
	(1, 140, 1),
	(1, 141, 4),
	(1, 142, 4),
	(1, 143, 11),
	(1, 144, 33),
	(1, 145, 8),
	(1, 146, 4),
	(1, 147, 16),
	(1, 148, 4),
	(1, 149, 1),
	(1, 150, 4),
	(1, 151, 1),
	(1, 152, 10),
	(1, 153, 20),
	(1, 156, 2),
	(1, 157, 3),
	(1, 158, 4),
	(1, 159, 2),
	(1, 160, 2),
	(1, 161, 2),
	(1, 162, 5),
	(1, 163, 1),
	(1, 164, 1),
	(1, 178, 2);

INSERT INTO `SS_PLACE_EQ_CON` (`ID_EQ`, `ID_PLACE`, `EQ_QUANTITY`) VALUES
	(1, 1, 60),
	(2, 1, 16),
	(3, 1, 250),
	(4, 1, 20),
	(5, 1, 50),
	(6, 1, 200),
	(7, 1, 30),
	(8, 1, 20),
	(10, 1, 1),
	(11, 1, 1),
	(13, 1, 1),
	(14, 1, 8),
	(15, 1, 6),
	(16, 1, 4),
	(17, 1, 2),
	(18, 1, 80),
	(19, 1, 14),
	(20, 1, 26),
	(21, 1, 16),
	(22, 1, 237),
	(23, 1, 213),
	(24, 1, 16),
	(25, 1, 19),
	(26, 1, 671),
	(27, 1, 96),
	(28, 1, 477),
	(29, 1, 83),
	(30, 1, 371),
	(31, 1, 170),
	(32, 1, 4),
	(33, 1, 10),
	(34, 1, 43),
	(35, 1, 48),
	(36, 1, 21),
	(37, 1, 6),
	(38, 1, 80),
	(39, 1, 12),
	(40, 1, 1),
	(41, 1, 1),
	(42, 1, 2),
	(43, 1, 5),
	(44, 1, 81),
	(45, 1, 100),
	(46, 1, 51),
	(47, 1, 57),
	(48, 1, 10),
	(49, 1, 16),
	(50, 1, 9),
	(51, 1, 80),
	(52, 1, 24),
	(53, 1, 40),
	(54, 1, 48),
	(55, 1, 25),
	(56, 1, 40),
	(57, 1, 22),
	(58, 1, 16),
	(59, 1, 208),
	(60, 1, 1),
	(61, 1, 6),
	(62, 1, 14),
	(63, 1, 1),
	(64, 1, 2),
	(65, 1, 9),
	(66, 1, 15),
	(67, 1, 2),
	(68, 1, 1),
	(69, 1, 10),
	(70, 1, 39),
	(71, 1, 3),
	(72, 1, 5),
	(73, 1, 2),
	(74, 1, 8),
	(75, 1, 5),
	(76, 1, 5),
	(77, 1, 2),
	(78, 1, 2),
	(79, 1, 8),
	(80, 1, 14),
	(81, 1, 8),
	(82, 1, 1),
	(83, 1, 3),
	(84, 1, 1),
	(85, 1, 1),
	(86, 1, 7),
	(87, 1, 6),
	(88, 1, 1),
	(89, 1, 1),
	(90, 1, 2),
	(91, 1, 1),
	(92, 1, 2),
	(93, 1, 2),
	(94, 1, 20),
	(95, 1, 24),
	(96, 1, 6),
	(97, 1, 15),
	(98, 1, 13),
	(99, 1, 43),
	(100, 1, 58),
	(101, 1, 41),
	(102, 1, 2),
	(103, 1, 4),
	(104, 1, 1),
	(105, 1, 1),
	(106, 1, 1),
	(107, 1, 2),
	(108, 1, 3),
	(109, 1, 1),
	(110, 1, 2),
	(111, 1, 1),
	(112, 1, 1),
	(113, 1, 1),
	(114, 1, 2),
	(115, 1, 2),
	(116, 1, 1),
	(117, 1, 4),
	(118, 1, 2),
	(119, 1, 1),
	(120, 1, 1),
	(121, 1, 3),
	(122, 1, 3),
	(123, 1, 3),
	(124, 1, 1),
	(125, 1, 2),
	(126, 1, 4),
	(127, 1, 2),
	(128, 1, 5),
	(129, 1, 4),
	(130, 1, 2),
	(131, 1, 2),
	(132, 1, 2),
	(133, 1, 1),
	(134, 1, 3),
	(135, 1, 3),
	(136, 1, 15),
	(137, 1, 16),
	(138, 1, 5),
	(139, 1, 1),
	(140, 1, 1),
	(141, 1, 4),
	(142, 1, 4),
	(143, 1, 11),
	(144, 1, 33),
	(145, 1, 8),
	(146, 1, 4),
	(147, 1, 16),
	(148, 1, 4),
	(149, 1, 1),
	(150, 1, 4),
	(151, 1, 1),
	(152, 1, 10),
	(153, 1, 20),
	(156, 1, 2),
	(157, 1, 3),
	(158, 1, 4),
	(159, 1, 2),
	(160, 1, 2),
	(161, 1, 2),
	(162, 1, 5),
	(163, 1, 1),
	(164, 1, 1),
	(178, 1, 2);
